author,nb_commentaires,total_likes,nb_reponses,score_influence
@CogitoEdu,28,428,26,962
@BoatPui,2,246,0,494
@wijdax,40,82,38,318
@Sosanakinedits,20,108,18,290
@muftah.sahrawi,16,114,14,286
@DR_ndo,29,90,21,272
@Rivan98,4,116,2,242
@SunsetNova,11,85,6,199
@sportssaga4839,32,28,32,184
@TheBouyaOmar,2,84,0,170
@chadllhatim3569,11,67,0,145
@LIVESTREAM-e3o,8,68,0,144
@lifeisart5450,10,58,6,144
@FreeSaharawi,10,50,8,134
@7296ugdkgh,30,4,30,128
@jaisbrennan7696,18,24,18,120
@quimera7012,2,58,0,118
@djidji5127,4,56,0,116
@samimellouki3139,22,29,11,113
@Blackisciple,6,46,4,110
@Electro_Hiddens,8,38,6,102
@chrishac100,2,50,0,102
@StefanStefan-l7l,6,37,5,95
@Lily-e-n4p,2,46,0,94
@youssefbattouta9790,11,29,8,93
@YasserMaghribi,9,31,7,92
@TheKaiserofeurope,10,26,10,92
@dzpatrioteziridedjazairi8196,22,6,19,91
@imadsbai1213,8,32,6,90
@nawfalism,2,40,0,82
@malcomgreen4747,6,30,4,78
@muhammadrafirpc1050,2,37,0,76
@--36--,10,20,8,74
@ubuntu2551,10,16,10,72
@TheAlfatipo,2,32,2,72
@Frenchkisssss,5,29,3,72
@VICENews,1,35,0,71
@khelilalikridi,2,34,0,70
@lola-mo5sh,22,0,16,70
@itzrealbon,7,24,5,70
@MarkGovern,2,32,0,66
@poultryguy,2,32,0,66
@rox282,14,8,12,66
@frankfurter9267,3,28,2,65
@bardamu8404,4,30,0,64
@walid3397,10,13,9,63
@andresmora5192,2,29,1,63
@jovannacarranza1881,5,22,4,61
@Badrianolima,14,2,14,60
@PrimetimeX,15,0,15,60
@maxkingjoe5460,14,2,14,60
@aviava7097,1,28,0,57
@Rider-lo9vt,1,28,0,57
@trueme8442,10,20,2,56
@Ataychiller,8,12,8,56
@jeyaramsathees6128,2,24,2,56
@paisgeo,14,0,14,56
@yyyyyy-ro8ni,8,12,8,56
@OshinAttari,3,23,2,55
@jsiiwls,2,26,0,54
@craig3077,2,26,0,54
@nourden13490,10,13,6,54
@beautifulbaby4585,8,13,6,52
@airdreamgalaxy3554,4,18,4,52
@yugarten8523,2,22,2,52
@Adam-be1kc,14,0,12,50
@ultrainstinct6715,12,4,10,50
@Nhtmgnj,2,24,0,50
@redabakkali6390,2,24,0,50
@RiyadKherrati,2,24,0,50
@Phoenix67614,12,10,6,50
@thomism1016,1,24,0,49
@a.elhamri2798,10,4,10,48
@Terminatorabcd,4,22,0,48
@BumbleBee-ur4uo,12,0,12,48
@elidrysyabdelhamid5579,5,15,4,47
@abspeedy1779,7,14,4,47
@MazinhoShenthen,8,7,8,46
@thegeographyguy4059,3,21,0,45
@LasiadSH,10,4,9,45
@patxiaznar9656,11,3,9,44
@JibZiad,8,6,8,44
@h_elyy,6,10,6,44
@z0rO999,10,2,10,44
@cmsacademy1673,6,12,4,42
@abdelillahmoukkad3371,2,20,0,42
@independenceforkabylietizi636,12,4,7,41
@cillianmccauley,4,12,4,40
@bobmorane9200,2,16,2,40
@samadresch7809,10,0,10,40
@wyomed,3,18,0,39
@EdA-bz3bu,2,18,0,38
@MrDinars2004,6,10,4,38
@adam11ait,2,18,0,38
@AfcSaka_10,2,18,0,38
@abdenour6576,8,6,6,38
@Blackflashsolos-u8r,2,18,0,38
@AllalBenAdam-v8k,4,14,2,38
@fab09-o7t,7,15,0,37
@malickbaldeh1544,1,18,0,37
@joeletaxi7956,6,9,4,36
@casablanca1706,2,14,2,36
@martindre8,9,0,9,36
@oussdz99,4,10,4,36
@xandudicanda6303,8,2,8,36
@Arabosiq,4,10,4,36
@saadsaad4605,7,5,6,35
@sahnithy,6,7,5,35
@Barizi11,1,17,0,35
@higgs923,1,15,1,34
@ANYA-Mezzika-Bdarija,2,16,0,34
@rat.moe.lister,2,16,0,34
@adamadjro1452,4,15,0,34
@yahiakantour4384,4,12,2,34
@Lmsabis1,3,11,3,34
@masjidbgalkie8076,3,12,2,33
@guldarheel1204,8,2,7,33
@RazzyTurney,9,12,0,33
@rifleboy4837,4,8,4,32
@ismaelmouhabofficial,2,12,2,32
@Maesiz,4,8,4,32
@anexistingcreature,1,15,0,31
@HL-jl4sf,7,9,2,31
@rexpublica4445,2,14,0,30
@Ok-ok-ok-ok-ok,7,1,7,30
@danieljacob2354,1,13,1,30
@AlgeriaTrending333,4,10,2,30
@Just_a_Mannn,2,14,0,30
@SafoIsSus,2,14,0,30
@mshisha9774,1,14,0,29
@scorpioninpink,1,14,0,29
@uchihakolega9612,1,14,0,29
@logitech7989,11,0,6,29
@asdc2076,1,14,0,29
@yherosanime1092,4,6,4,28
@talveka,6,2,6,28
@cobrayt1895,4,6,4,28
@moroccanmars2767,4,6,4,28
@nagalon7255,2,10,2,28
@7addaribaba,1,12,1,28
@Andalusiano,2,10,2,28
@Roblox_RussianEmpire,2,10,2,28
@General_Lee_Oliver,6,2,6,28
@user-ox4hz3cn8b,10,6,2,28
@Утренняязвезда-п5з,1,13,0,27
@AESOPENTERTAINMENT,3,12,0,27
@Phe9611,1,11,1,26
@aLeftistDrummer,2,12,0,26
@moulhemferhah4777,2,12,0,26
@nokibnoor3027,2,12,0,26
@crazyfacts5126,2,12,0,26
@chadm9715,2,12,0,26
@mouaadwdh4767,6,4,4,26
@drok836,4,5,4,26
@disconnect7401,6,4,4,26
@erolc82,2,9,2,26
@imadewalahi2163,1,12,0,25
@Rama-Tut82,1,12,0,25
@SLBB02,1,12,0,25
@z_wawasan.k.s5481,1,12,0,25
@Mmadingo,4,4,4,24
@marocmonpays1307,5,2,5,24
@freewal,5,2,5,24
@mohamedelkasmi1680,2,8,2,24
@sausage-x3p,4,4,4,24
@siaodong,5,5,3,24
@lugd441,3,10,0,23
@faicalounacer2587,1,11,0,23
@koffieman2651,2,10,0,22
@priqito,3,5,3,22
@frontline7404,2,10,0,22
@hamidromani4778,22,0,0,22
@melodieday-yf6dn,2,7,2,22
@redatoo,1,9,1,22
@Alucard-j7l,6,2,4,22
@GastonLeChinois,2,10,0,22
@rachidmohammedamine,1,9,1,22
@sunbet_RBX,6,2,4,22
@agnostimous2859,1,10,0,21
@rinos7902,6,3,3,21
@ayemanejelikhe7823,1,10,0,21
@tafsir5191,2,8,1,21
@marcosb2392,3,9,0,21
@مهدي-ح6ط8ن,20,0,0,20
@tangokosby4663,8,6,0,20
@Wizzy678,4,2,4,20
@Alsharaylive,3,4,3,20
@Sector-6D,2,6,2,20
@Xitado.fx.,4,8,0,20
@Freakykuna.8,5,0,5,20
@ageupest5203,2,6,2,20
@thomasvanhiel6105,4,2,4,20
@noone2262,2,6,2,20
@datniggaeazye.5968,4,2,4,20
@tahmidurrahmantahsan3643,2,6,2,20
@minecraftlover-y1o,2,6,2,20
@KZ-SHOP,2,6,2,20
@IambiguousSegment,1,9,0,19
@JZS-1019,6,5,1,19
@marcosgarvey7129,1,9,0,19
@Moccalocca100,3,5,2,19
@siempre_lamisma_historia,2,7,1,19
@moroccanMarco2043,2,8,0,18
@avanishreddy8249,18,0,0,18
@brinjoness3386,1,7,1,18
@emmabrown4630,2,8,0,18
@angrypanda7180,2,8,0,18
@HSchneider-t3i,2,5,2,18
@Минск-я9б,2,8,0,18
@alahemy,4,4,2,18
@aimanfakia,2,8,0,18
@mydrissafilalidrissialami9763,4,1,4,18
@Randomguy.01,2,8,0,18
@angryyoungman66,1,7,1,18
@leevuong8843,6,6,0,18
@primesspct2,2,8,0,18
@abdelelman197,2,8,0,18
@dyBFxx5XFMoK,2,5,2,18
@gadlare55,2,8,0,18
@meriemelk9407,4,4,2,18
@mhamedkalay2640,2,8,0,18
@tisanbobai8643,1,7,1,18
@talhaazeem1765,2,8,0,18
@Axolotgamer20,2,8,0,18
@Asmo_D_euss,4,4,2,18
@DAVIDGamer-i6q,4,4,2,18
@youli3568,6,0,4,18
@Lily-m3q8v,2,8,0,18
@ildeglasesilva4470,1,8,0,17
@newuser5817,3,7,0,17
@aminouchrif33,3,4,2,17
@ahsanrasool5901,1,8,0,17
@MassNssen,1,8,0,17
@EpicVibes1-Ev,3,7,0,17
@kwakuandspinopython1346,1,8,0,17
@I.Freaking.Love.The_Moon,4,0,4,16
@hinatasama9128,2,4,2,16
@BrianCox-n1u,2,4,2,16
@BarbarosDosBelgicos,2,4,2,16
@hachem__,4,0,4,16
@imaamsky,2,4,2,16
@akremakrem7928,2,4,2,16
@simaccu,4,0,4,16
@NovaAuraX,3,2,3,16
@Misericordia-e2c,4,0,4,16
@MalikaMalika-dw8df,4,0,4,16
@kaguyaotsutsuky5840,4,0,4,16
@Morish.Maps.,2,4,2,16
@annieisafckingtrashybitch66990,4,0,4,16
@TheLordHyperSonic,4,0,4,16
@Herbalist-athari,2,5,1,15
@XtremeLife,1,7,0,15
@Freddy82-y7i,1,7,0,15
@oussama7084,3,6,0,15
@bm7586,3,3,2,15
@sabarfadila5172,3,6,0,15
@mehdibahaj7792,3,6,0,15
@cryptomaniac1866,1,7,0,15
@MM46882,1,7,0,15
@franky3640,5,2,2,15
@Oussama-c7r,2,5,1,15
@shahrulhanuarmdaris6105,1,7,0,15
@ronaldvandermeijs-r6n,2,6,0,14
@MaxMiller-j8s,3,1,3,14
@lakhdar-f1n,2,6,0,14
@wackypeace1135,2,6,0,14
@feust9247,2,6,0,14
@glazim2982,2,6,0,14
@Keepcalmorgetout,4,2,2,14
@easyforme9342,2,6,0,14
@funstuff8876,3,1,3,14
@googleaccount7977,6,4,0,14
@MR.MOMINTO,2,6,0,14
@maccrypvest612,2,6,0,14
@mikebarton,3,4,1,14
@benghazi4216,3,1,3,14
@kevinwuryanto2240,2,6,0,14
@abderraoufbenaki2023,2,6,0,14
@julianbashir8277,4,2,2,14
@belhinaniabdelkhalek6481,2,3,2,14
@namnamou9832,1,5,1,14
@AminaHilmi-n2n,2,6,0,14
@OmarMéndez-o7i,1,6,0,13
@ابنالصحراءالغربية-ق4ط,3,2,2,13
@aichaadoui1,1,6,0,13
@swad7sh,1,6,0,13
@fluffycoffee3465,3,0,3,12
@stevengreen9536,3,0,3,12
@icarus_light,6,3,0,12
@insider678-t4g,1,4,1,12
@BenadoAdam,2,5,0,12
@212-y7p,2,2,2,12
@Dorka212,3,0,3,12
@hakdh-mre,3,0,3,12
@yesitsme691,3,0,3,12
@jilalidouch3410,4,4,0,12
@LXXXIV60,2,2,2,12
@NoProxies,2,2,2,12
@cvird,2,2,2,12
@emirayub6418,1,4,1,12
@el_kapitan_fatpitan,2,2,2,12
@bruxelleskarim,1,4,1,12
@mohamedalahyan313,2,2,2,12
@northblue..,3,0,3,12
@redabaroin968,1,4,1,12
@PazConTomate,2,2,2,12
@ophirbactrius8285,2,2,2,12
@aferyadlahoussaine497,4,4,0,12
@aaradhyadarshan19129,2,2,2,12
@Geertwildersakaatrump,2,2,2,12
@wassim9372,1,4,1,12
@The_wind_that_happened,3,0,3,12
@AhmedBenchawi-mor,2,2,2,12
@politicallyincorrectbeing8201,3,1,2,11
@YacobIbnMohamed,5,3,0,11
@ahmedabdelhakimbouafia2213,1,5,0,11
@Koas254,1,5,0,11
@johnnysmithdziri,1,5,0,11
@SK-lt1so,1,5,0,11
@Sarfaraz-Sultani,1,5,0,11
@askari4940,2,3,1,11
@revenger8744,1,3,1,10
@fouadsabir1534,2,4,0,10
@CN-bm4sc,3,2,1,10
@Tangerwi,2,4,0,10
@wehosrmthink7510,2,4,0,10
@sowelyass,4,0,2,10
@madrid7790,1,3,1,10
@dodobebe3830,2,4,0,10
@XeyeXofXlynxX,2,4,0,10
@morbidsearch,2,4,0,10
@sinba.,2,4,0,10
@moguerlain7158,2,4,0,10
@mohamedred5746,2,1,2,10
@Eevcee,2,4,0,10
@andrela2361,2,4,0,10
@ahsanurr4219,2,4,0,10
@Raindaas,4,0,2,10
@MohamedAli-hv6lq,2,4,0,10
@benamer8836,2,4,0,10
@motouchant8276,2,4,0,10
@KarimAlgeria-e4e,2,4,0,10
@aimen6366,2,4,0,10
@ethanwatkins6780,2,4,0,10
@gdaym92izik,6,2,0,10
@greenietales,1,3,1,10
@yeslem3792,1,3,1,10
@morokko5stars68,2,1,2,10
@hichamidrisi1344,4,0,2,10
@mgigelli820,2,1,2,10
@noone-io4yj,2,1,2,10
@HelloCurve111,4,0,2,10
@SilenceaboutthetruthisamuteDev,2,4,0,10
@mason.edwards96,2,1,2,10
@Az-Ben,4,0,2,10
@universpro7741,2,4,0,10
@4y7v10,1,3,1,10
@markmurphy7698,2,4,0,10
@houssinhoussin8626,2,4,0,10
@wahabmaek4272,2,4,0,10
@lamiyaeddahabi7242,1,4,0,9
@SamSung-sy6ox,2,2,1,9
@farid-zf6wn,1,4,0,9
@vincechase897,3,3,0,9
@borapobangpo,2,2,1,9
@saadahmadpersonal,1,4,0,9
@tanakatako6547,2,2,1,9
@tifawine9113,5,2,0,9
@mayar_819,2,2,1,9
@abdelatlas1578,4,1,1,9
@pimohebenezer,1,4,0,9
@TheGloriousLobsterEmperor,2,2,1,9
@Selinadobrev,3,3,0,9
@hamzadroit5916,1,4,0,9
@hamudi_12,3,3,0,9
@Flamingbit,1,4,0,9
@Shaw737,2,0,2,8
@geoms6263,2,0,2,8
@ahmedCHAKROUN-j5l,2,0,2,8
@ZiggyStardust669,2,0,2,8
@abdelhakwinston6200,2,0,2,8
@abdel9285,1,2,1,8
@Sohaib92,2,0,2,8
@Someone_555,2,0,2,8
@_saif-Eddine.,2,3,0,8
@politicstoday8002,2,0,2,8
@Souffledamour,2,0,2,8
@FaicalBoumdira,2,0,2,8
@ha1fadev,2,0,2,8
@shahd5755,1,2,1,8
@mohfar8605,2,0,2,8
@shush1501,2,0,2,8
@mohammedbenmassoud-u3r,4,2,0,8
@modmaker7617,2,0,2,8
@Flattithefish,2,0,2,8
@KeijiNomore,2,0,2,8
@dutchpatriot17,2,0,2,8
@euwwi1278,2,0,2,8
@kyronhadel,2,0,2,8
@logiqueh7354,2,0,2,8
@ALGHOTTE,2,0,2,8
@Abdelll-m8s,2,0,2,8
@TheEyeLoveYouVirus,4,2,0,8
@Brraww278,2,0,2,8
@mightyman1855,8,0,0,8
@dsa_made_easy,2,0,2,8
@ravvviiioliii,2,0,2,8
@GM-xk1nw,2,0,2,8
@picantokia9286,2,0,2,8
@MGharriy,2,0,2,8
@rimiarabi6071,2,0,2,8
@Mr7Crash,2,0,2,8
@mybikinishop6684,2,0,2,8
@muhammadsuleman9328,1,2,1,8
@alphachief6085,2,0,2,8
@bilalhicham-1,1,2,1,8
@MA-nz1gk,2,0,2,8
@HmamouAbdellah,2,0,2,8
@LeilaMontes55,2,0,2,8
@anaschiheb1015,2,0,2,8
@al-batal,2,0,2,8
@mohalkl5426,2,0,2,8
@Z5-XB,2,0,2,8
@casanegra2934,2,0,2,8
@IsmailEldarabi,2,0,2,8
@M777fd,2,0,2,8
@Maurazio,1,2,1,8
@Unordinary-lg4yt,2,0,2,8
@Muralidharan001,2,0,2,8
@Akinox_king,2,0,2,8
@Voice-of-honor-u8f,2,0,2,8
@xubha7246,2,0,2,8
@Communistphilippines,2,0,2,8
@Doherty33,2,0,2,8
@zlabiasanssucre-kb4ty,2,0,2,8
@zevorix,2,0,2,8
@jamemule5326,2,0,2,8
@Basketballl00472,2,0,2,8
@youneskhouloud2504,2,0,2,8
@walidcheikh9053,4,2,0,8
@14NINASKY,4,2,0,8
@vanityslams6693,2,0,2,8
@Bobuxer,1,3,0,7
@xmanykl4400,2,1,1,7
@kamberr9111,1,3,0,7
@instafollowers3479,1,3,0,7
@jeffreyluciana8711,1,3,0,7
@معروفي-ف5م,1,3,0,7
@khayre92,1,3,0,7
@WildStromy,1,3,0,7
@Who_is_Emmy,1,3,0,7
@DariVari007,1,3,0,7
@ImranSharif-hv6mn,1,3,0,7
@Hadramidvp,2,1,1,7
@Mourabitin1958,2,1,1,7
@chainesalwa6508,1,3,0,7
@cagliari5984,2,1,1,7
@azathothog,1,3,0,7
@OmarRamoh94,1,3,0,7
@abesakkaki5082,1,3,0,7
@migozqaalid7071,1,3,0,7
@lanuevaafrica5278,1,3,0,7
@LGM,1,3,0,7
@MrBANTY1111,2,2,0,6
@mehdimaroc3639,2,2,0,6
@maxandlily6074,2,2,0,6
@saidmohsalem2937,2,2,0,6
@BristolEngland,2,2,0,6
@MehdiBarzali,2,2,0,6
@awxcqsd,2,2,0,6
@bln3615,3,0,1,6
@baxstage,2,2,0,6
@husseinbnali8445,1,1,1,6
@Hugohhhgg,1,1,1,6
@TalawiAbdelAziz,6,0,0,6
@S400-x9z,2,2,0,6
@Ass_of_Amalek,1,1,1,6
@DIEZ-we1cm,1,1,1,6
@hajar_nouh,2,2,0,6
@YSNXS,2,2,0,6
@DonCorleone803,1,1,1,6
@YouraverageAmerican-c4v,2,2,0,6
@primeinvestmentslimited4576,2,2,0,6
@MohamedReda-pq2bm,2,2,0,6
@zeedzoon7093,2,2,0,6
@kahinakoffey3686,2,2,0,6
@johnpedersen-w1t,2,2,0,6
@SomeLaPresenceOne,1,1,1,6
@Charles-ul8zn,2,2,0,6
@souljourneybydoha,2,2,0,6
@SelvinElsaAbraham-n3y,2,2,0,6
@elbb6623,2,2,0,6
@ds-oj6fd,2,2,0,6
@damienhudson8028,2,2,0,6
@dyfhebev,1,1,1,6
@AbdelatifHAYDUOR-w7r,6,0,0,6
@kko5779,1,1,1,6
@wagbocoinflip,2,2,0,6
@عبدالحاكم-ص8ي,1,1,1,6
@Panzer9,2,2,0,6
@yakin9940,2,2,0,6
@combdude,1,1,1,6
@lifeisstr4nge,2,2,0,6
@mouhamedaminelaksiri7318,1,1,1,6
@squallleonhartffx,2,2,0,6
@KoreyGraham-h9i,1,1,1,6
@simozaz4736,2,2,0,6
@moel9940,1,1,1,6
@RedTriangle-b4w,2,2,0,6
@benbenham9257,2,2,0,6
@baathi7358,1,1,1,6
@casanegra4494,1,1,1,6
@aymenboustani7919,2,2,0,6
@canelo1728,2,2,0,6
@Ie4s,1,1,1,6
@admar1208,1,1,1,6
@Rolando_Cueva,1,1,1,6
@borkogot5738,2,2,0,6
@odysseytecharts8144,2,2,0,6
@SorminaEriana,2,2,0,6
@botnot5980,2,2,0,6
@QatarIT35,2,2,0,6
@hallala-welbelbala,2,2,0,6
@supereero9,2,2,0,6
@soraya1100,1,2,0,5
@elbasrigamer6287,1,2,0,5
@elmetkelem7524,2,0,1,5
@afandiimuttaqii2894,1,2,0,5
@kjellbrent8114,2,0,1,5
@Catch22-d3g,2,0,1,5
@SamB-f2y,2,0,1,5
@RiadQa47,1,2,0,5
@anieznoticias7062,1,2,0,5
@ismailrafale2076,1,2,0,5
@AnthonyGarcia-sy3yk,2,0,1,5
@thomas11156,1,2,0,5
@jonathaslopes8038,1,2,0,5
@1miary,1,2,0,5
@هشامشتوي,3,1,0,5
@VOLUXMOORS,1,2,0,5
@thecafcl8409,1,2,0,5
@mohammedlaib1847,1,2,0,5
@Geogrified,1,2,0,5
@mohamedmeskini8430,1,2,0,5
@Heavenseven77,1,2,0,5
@H.F.H-e2x,1,2,0,5
@abounnaims,1,2,0,5
@aryaszaky,2,0,1,5
@omahhakass6121,1,2,0,5
@user-fp8vl3mb2i,1,0,1,4
@wakeupmrye6908,1,0,1,4
@Moist_.Gnu51,1,0,1,4
@salam11153,1,0,1,4
@Mr-color_less,4,0,0,4
@keterscp1064,1,0,1,4
@Violin-Villain,1,0,1,4
@UserMA710,1,0,1,4
@Casaoasissz,1,0,1,4
@AntonioPeralesdelHierro,1,0,1,4
@zaidbenriane767,1,0,1,4
@issamchabaa45,4,0,0,4
@justice70567,1,0,1,4
@Ali_baba_II,1,0,1,4
@azed-t3t,1,0,1,4
@afrench4683,1,0,1,4
@adamnordinrogers,4,0,0,4
@adilelnhaily1960,1,0,1,4
@bima155,1,0,1,4
@bilalbehar8533,1,0,1,4
@Sultan_Assfou,1,0,1,4
@LoopyWoopyCharlie,1,0,1,4
@Isoform3,1,0,1,4
@nastehoibrahim14,2,1,0,4
@aminekaoukab4547,1,0,1,4
@alexandersam9538,1,0,1,4
@Jamal-b7j5g,1,0,1,4
@ayoubbenelmoudden4360,4,0,0,4
@aymanmillou2012,1,0,1,4
@bundz_,1,0,1,4
@azizikhench5451,1,0,1,4
@MRANONY2792,1,0,1,4
@InsideAfrica.,1,0,1,4
@hellalmeba3422,1,0,1,4
@ald1050,1,0,1,4
@Yousseffabidou,1,0,1,4
@ailel177,1,0,1,4
@Makeitrealforever,1,0,1,4
@MohaBakk-v7c,1,0,1,4
@spajjlak3713,1,0,1,4
@sofienehafiene1477,1,0,1,4
@SeguinSometimes,4,0,0,4
@mohamednsb-my8rc,1,0,1,4
@mo_elly86,1,0,1,4
@anesanes2410,1,0,1,4
@MiguelP-m4p,4,0,0,4
@monky5090,1,0,1,4
@mouradblf6703,1,0,1,4
@mills9402,1,0,1,4
@mimovil8730,1,0,1,4
@GRIZIUS3,1,0,1,4
@rachouak1195,1,0,1,4
@Letstravel_74,1,0,1,4
@Sidiredouane-wq1in,1,0,1,4
@smoreno5532,1,0,1,4
@progamer-gt9iy,1,0,1,4
@FilomenaMule,1,0,1,4
@Bruno-gj4jj,1,0,1,4
@dusscode,1,0,1,4
@gromlucas4283,1,0,1,4
@TheTrackRecord,1,0,1,4
@damsco,1,0,1,4
@darien4969,1,0,1,4
@mohamedanass3688,1,0,1,4
@ximfo4883,1,0,1,4
@watchwatc,1,0,1,4
@maladam1312,1,1,0,3
@lopesANDERSONsilva,3,0,0,3
@luctisser2262,1,1,0,3
@l2etranger,3,0,0,3
@lelik0911,3,0,0,3
@kubumshel,3,0,0,3
@kbcaps,3,0,0,3
@kenfu9334,1,1,0,3
@AmbaSpirit-l7s,1,1,0,3
@tomy0484,3,0,0,3
@thezegui93,3,0,0,3
@Boug0014,3,0,0,3
@Ben-k5,1,1,0,3
@BeyondEverythin,1,1,0,3
@Dabadaba655-z3sz,3,0,0,3
@CookieCIAA,1,1,0,3
@Cutechucklefart,1,1,0,3
@Abel-d7i1t,1,1,0,3
@AbelMouhtaram-c3y,1,1,0,3
@NajqkKakaja,1,1,0,3
@NoureddineChaib915,1,1,0,3
@dixpears1081,3,0,0,3
@donpabloclark,1,1,0,3
@dead0show,3,0,0,3
@decoyoctopus2005,1,1,0,3
@dabaraj1859,1,1,0,3
@chubaka-1982,3,0,0,3
@crackthefoundation_,1,1,0,3
@everyday3150,3,0,0,3
@eljirizakaria9104,1,1,0,3
@globalismoblackman,3,0,0,3
@formsab257,3,0,0,3
@fdama,1,1,0,3
@LInaD-rh1cr,1,1,0,3
@superart8041,1,1,0,3
@sp1nks248,1,1,0,3
@ssimkaali1324,3,0,0,3
@mineropaul,1,1,0,3
@mcknee2910,1,1,0,3
@moorish8103,1,1,0,3
@mitzelderabdenour,3,0,0,3
@Mohammed_ALG,1,1,0,3
@Maroerotv3722,1,1,0,3
@MatheoLegrand-d5w,1,1,0,3
@MatthewBurns8,3,0,0,3
@MO20024,1,1,0,3
@reda1668,3,0,0,3
@azzeddinebennani8910,1,1,0,3
@babacool3063,1,1,0,3
@barberousse-x7m,1,1,0,3
@chtaibihamza,3,0,0,3
@amarmoumou973,1,1,0,3
@amineboum9493,3,0,0,3
@amritrao7687,3,0,0,3
@normandieelouafi5286,3,0,0,3
@nassiben217,1,1,0,3
@batmous,3,0,0,3
@baybayview1231,1,1,0,3
@MrBrupan,1,1,0,3
@MusaMuhamedrasd,1,1,0,3
@MouradBouchikhi7,1,1,0,3
@seddikazzouz5997,1,1,0,3
@rlynotabot,3,0,0,3
@melissacallan3991,3,0,0,3
@hfredydl,3,0,0,3
@Jompabompa,3,0,0,3
@K24..,3,0,0,3
@KD-zi2fi,1,1,0,3
@JayD2006,3,0,0,3
@MAROCMAROCAIN007,1,1,0,3
@arigrande178,3,0,0,3
@andrdeci4583,1,1,0,3
@andreamuraskin5364,3,0,0,3
@SHVRWK,3,0,0,3
@R4tlr,3,0,0,3
@Pourperso,3,0,0,3
@Pourtoi224,1,1,0,3
@SuperRguibi,3,0,0,3
@SimoFaid-p2y,1,1,0,3
@oy8405,1,1,0,3
@pebos1234567890,3,0,0,3
@abdilion5,1,1,0,3
@ZackPopo-fr2so,1,1,0,3
@YoutubeMichael538,3,0,0,3
@ahmedabakar5166,3,0,0,3
@adiesel30,1,1,0,3
@TonyMontanaTony-z6h,1,1,0,3
@Trenchbabymk1234,1,1,0,3
@ramirami5466,3,0,0,3
@raphayelrazon3075,3,0,0,3
@ShaneWKenneth,3,0,0,3
@BrotherNuh,1,1,0,3
@GG-bn9ij,1,1,0,3
@hamza-t2c,3,0,0,3
@haouribi,3,0,0,3
@hafidbouzerar3329,3,0,0,3
@jeremiahmorgan8772,3,0,0,3
@jf3457,3,0,0,3
@johnCliff-k6r,1,1,0,3
@jbenkirane55,1,1,0,3
@jeankader5378,1,1,0,3
@iliasbt700,1,1,0,3
@zarijoco1040,1,1,0,3
@tiredstoner,3,0,0,3
@josephchoe,3,0,0,3
@josekingro_9940,1,1,0,3
@kadour9807,1,1,0,3
@vladimirskokan,1,1,0,3
@uuuuuuuu-ko8cr,1,1,0,3
@AI-212,3,0,0,3
@walidjelloul485,3,0,0,3
@jonashulm5510,2,0,0,2
@johnpringle5199,2,0,0,2
@zinocrb,2,0,0,2
@Azougagh48,2,0,0,2
@BabaBest2000,2,0,0,2
@Brabus087,2,0,0,2
@DA.PrismO,2,0,0,2
@Anwar157,2,0,0,2
@Aziz-w5w8s,2,0,0,2
@NahinAhmed-i6i,2,0,0,2
@NomonopolyGoogleisevil-c3k,2,0,0,2
@OneMillion-TV,2,0,0,2
@Moaaz_king.0_0,2,0,0,2
@MohamadRodzi-h1x,2,0,0,2
@sethzaki8729,2,0,0,2
@My_father_ok,2,0,0,2
@NabilKaali,2,0,0,2
@fenianbastard6672,2,0,0,2
@harrydestaffano565,2,0,0,2
@futsunoemuza,2,0,0,2
@fzackkh7102,2,0,0,2
@marTn3,2,0,0,2
@margrave-xvii,2,0,0,2
@marioarguello6989,2,0,0,2
@HungarianKnightNeverDies,2,0,0,2
@fhfh6074,2,0,0,2
@Jeangriha-69,2,0,0,2
@JesterJinx-j5q,2,0,0,2
@swordofallah5431,2,0,0,2
@taiwosamuel7442,2,0,0,2
@Leslie-t3e,2,0,0,2
@Liverpool-u2z,2,0,0,2
@Lychia00,2,0,0,2
@Matthew-z1f1s,2,0,0,2
@Maya-pd9uh,2,0,0,2
@MeowlMelonpiOwl,2,0,0,2
@LamriniFOX,2,0,0,2
@Lana.ba7473,2,0,0,2
@sjaddison5690,2,0,0,2
@spaceabdelabrevo5618,2,0,0,2
@SalahDAd,2,0,0,2
@SamiCassidy,2,0,0,2
@Shmooper_Dooper,2,0,0,2
@KohanKilletz,2,0,0,2
@Penelope-Poopinharder,2,0,0,2
@PunaSquirrel,2,0,0,2
@Saladin-x6u,2,0,0,2
@mohammadibnallah8062,2,0,0,2
@mohammedkombo4591,2,0,0,2
@mohssinbouzid9351,2,0,0,2
@erenkutluk,2,0,0,2
@bma1955alimarber,2,0,0,2
@boutialilo9275,2,0,0,2
@brahimelandaluz4044,2,0,0,2
@habibanas1499,2,0,0,2
@benimamsidahmed3816,2,0,0,2
@bkkittykat993,2,0,0,2
@iftekarahmed2045,2,0,0,2
@jeanfelixcyriaque5125,2,0,0,2
@jeoffrybarongo6444,2,0,0,2
@redaelhaouari871,2,0,0,2
@Sonia-g2t7x,2,0,0,2
@SouleyTime,2,0,0,2
@Pejelo,2,0,0,2
@MonikaGrzegorzewicz-b2g,2,0,0,2
@MrFFSMAN,2,0,0,2
@RusdiyantoIsmuhu,2,0,0,2
@aissadaoud-ot1qd,2,0,0,2
@sair9850,2,0,0,2
@samdeur,2,0,0,2
@samiaramdani1204,2,0,0,2
@ZackoTheWise,2,0,0,2
@a3zan,2,0,0,2
@aragoarago6790,2,0,0,2
@achrafaarab2479,2,0,0,2
@oqfood12309dqah,2,0,0,2
@alexphoibos3970,2,0,0,2
@alexs6429,2,0,0,2
@baloo-b9d,2,0,0,2
@bdahimBakkar,2,0,0,2
@moustaphakaddour7561,2,0,0,2
@amineamine-wn2lu,2,0,0,2
@amineboubechra9762,2,0,0,2
@antoniodominguezgarcia6027,2,0,0,2
@nasara8960,2,0,0,2
@nearnow-v3d,2,0,0,2
@omarmuto,2,0,0,2
@epicheroewar,2,0,0,2
@alvarodobban6130,2,0,0,2
@alzhir-moskva,2,0,0,2
@cryptostar1427,2,0,0,2
@dazzer273,2,0,0,2
@eliotfootballplayer4490,2,0,0,2
@raadr.b.h7440,2,0,0,2
@YassBA-k8h,2,0,0,2
@Youtubber-131,2,0,0,2
@TheYaskli,2,0,0,2
@oussamaouhsaine5874,2,0,0,2
@ouuumnia_bee,2,0,0,2
@aurumcaelo,2,0,0,2
@avec-zam7301,2,0,0,2
@axi271,2,0,0,2
@azdine123,2,0,0,2
@raqiie5812,2,0,0,2
@nacerwork,2,0,0,2
@bvndo-89,2,0,0,2
@cerinemahouni8039,2,0,0,2
@asss-u9r,2,0,0,2
@lilalilu-q8b,2,0,0,2
@karimrezagui415,2,0,0,2
@kell2859,2,0,0,2
@ilyasakbulut2319,2,0,0,2
@imadbouchkouri2347,2,0,0,2
@imtiazpabel4769,2,0,0,2
@liiliiniina2076,2,0,0,2
@CarpeDiemSopers,2,0,0,2
@CelticRailwayTraveller,2,0,0,2
@lkhlkable,2,0,0,2
@mafiward,2,0,0,2
@mahmoudkabi9984,2,0,0,2
@DMM6,2,0,0,2
@AntoneJohnson-w4w,2,0,0,2
@GlobalExpedition1,2,0,0,2
@HASSANDOUKKALI-w3x,2,0,0,2
@BrownDumpsterRatInYourHood,2,0,0,2
@trhv77,2,0,0,2
@tubeular5754,2,0,0,2
@Insideanatomy20,2,0,0,2
@IsmaelMarmaz,2,0,0,2
@ItsYourSB,2,0,0,2
@FalasteenMayab,2,0,0,2
@FencePleat-i6e,2,0,0,2
@titonsungu1178,2,0,0,2
@user-357xfrkvne4,2,0,0,2
@DutchMoroccan7,2,0,0,2
@Aimancitizens,2,0,0,2
@Airbiscuitmaker,2,0,0,2
@AZ-on7gg,1,0,0,1
@Aggaleiden070,1,0,0,1
@AlAyyurAtlas,1,0,0,1
@Alam-Almostakbal,1,0,0,1
@Aliboumardes,1,0,0,1
@Alonewolf-z6o,1,0,0,1
@yoney7555,1,0,0,1
@youssefnafaa2255,1,0,0,1
@youssyo1733,1,0,0,1
@yttocs_tits-c7o,1,0,0,1
@FEDsShotMOM,1,0,0,1
@FIFAYouhub111,1,0,0,1
@Famemusicoffical,1,0,0,1
@FouadAmg,1,0,0,1
@thrhtrhtw46j,1,0,0,1
@todobienencasa6924,1,0,0,1
@tomfuller4205,1,0,0,1
@tomhankstomhanks2579,1,0,0,1
@travelantics9317,1,0,0,1
@Jeangriha,1,0,0,1
@Digitalfutureguy,1,0,0,1
@DoorsneeHollander,1,0,0,1
@Gonigogo,1,0,0,1
@Byll0707,1,0,0,1
@ChajratAmlou,1,0,0,1
@makeracistsafraidagain,1,0,0,1
@imadpi6182,1,0,0,1
@lesmateur,1,0,0,1
@lesthebest3171,1,0,0,1
@lib-tardeducator6435,1,0,0,1
@lilyeti985,1,0,0,1
@linamitrani9305,1,0,0,1
@lionnnmesii,1,0,0,1
@jptv5550,1,0,0,1
@karim271,1,0,0,1
@moxatar9007,1,0,0,1
@mustapha2,1,0,0,1
@naimulislam3224,1,0,0,1
@charifcasanova6722,1,0,0,1
@rachidrakdi9096,1,0,0,1
@raheemhamzawi9607,1,0,0,1
@raoufzeghdane725,1,0,0,1
@rayaneammar739,1,0,0,1
@TaoufikSocool,1,0,0,1
@TheChosenOne-19,1,0,0,1
@abdullahsaleh5471,1,0,0,1
@abubacarjallow,1,0,0,1
@peacejen8732,1,0,0,1
@pedro01f,1,0,0,1
@planeur,1,0,0,1
@Yanzdorloph,1,0,0,1
@ZZ-ck7ey,1,0,0,1
@claudiocaponelli6987,1,0,0,1
@compassion-t9y,1,0,0,1
@greenearth9945,1,0,0,1
@edgarmanuelrendeiro,1,0,0,1
@edwardmatchaya1186,1,0,0,1
@elo3961,1,0,0,1
@elytrading,1,0,0,1
@embareklamin443,1,0,0,1
@alienware3254,1,0,0,1
@alnmen5607,1,0,0,1
@anklager-q1j,1,0,0,1
@nuadibudajla2671,1,0,0,1
@alexanderthegreat5928,1,0,0,1
@badrsalkani9809,1,0,0,1
@aaxtreme925,1,0,0,1
@abdouhouha2169,1,0,0,1
@adamgayan3241,1,0,0,1
@agholidazogagh4166,1,0,0,1
@aichalouihi4919,1,0,0,1
@aladdincom5069,1,0,0,1
@albertolope4039,1,0,0,1
@sabotagesabotage7927,1,0,0,1
@seemosofi,1,0,0,1
@Moulay_Rasta,1,0,0,1
@RulgertGhostalker,1,0,0,1
@RyanRahJah,1,0,0,1
@SadikSadik-p4e,1,0,0,1
@rbx5995,1,0,0,1
@rotopklote6954,1,0,0,1
@rumbleofdrums527,1,0,0,1
@Stellaqueengirl.,1,0,0,1
@hopeful_dude,1,0,0,1
@hrsmrt9292,1,0,0,1
@ikomed,1,0,0,1
@jamaltoufiq,1,0,0,1
@janrijnders7903,1,0,0,1
@johnaddidi3812,1,0,0,1
@haccher2176,1,0,0,1
@hafidhafid9607,1,0,0,1
@mondeoth,1,0,0,1
@moshak4804,1,0,0,1
@boukaroutali412,1,0,0,1
@deanazmane4828,1,0,0,1
@dildarbhai5767,1,0,0,1
@dominique1461,1,0,0,1
@drissmahfoudi8505,1,0,0,1
@mohammedelyoussfi4759,1,0,0,1
@fadelaguermoudi7088,1,0,0,1
@fadellasarghini5558,1,0,0,1
@fadir310,1,0,0,1
@RidouaneSaoud,1,0,0,1
@Riffi875,1,0,0,1
@Tigerblue-o8k,1,0,0,1
@Wayne_edits69,1,0,0,1
@WorldGotTalent1,1,0,0,1
@Sigmaadn,1,0,0,1
@LST25,1,0,0,1
@LacouzdaMoha,1,0,0,1
@LahcenAbassi,1,0,0,1
@LassAtlas,1,0,0,1
@Lekjaapatron,1,0,0,1
@siciidcaydaruus9595,1,0,0,1
@simonscowled9925,1,0,0,1
@star55551111,1,0,0,1
@stefanmuller9456,1,0,0,1
@suhnih4076,1,0,0,1
@Kebmlo1,1,0,0,1
@Mlhawaii,1,0,0,1
@Lotfimohamedadib,1,0,0,1
@Hakshavalah,1,0,0,1
@Hamid-m3m,1,0,0,1
@IKOBKKKONOLABO122vbksfn,1,0,0,1
@finosbaglamas7586,1,0,0,1
@freepalestine794,1,0,0,1
@freesaharaui4140,1,0,0,1
@globalrepublicoffreeland5048,1,0,0,1
@grandpatzer,1,0,0,1
@massrah8541,1,0,0,1
@mastalive,1,0,0,1
@milyhelc,1,0,0,1
@farespro45,1,0,0,1
@hannahjewell8363,1,0,0,1
@hichamcitizen7471,1,0,0,1
@hichamelbichry4863,1,0,0,1
@shinestar4039,1,0,0,1
@MrManny075,1,0,0,1
@NATO4623,1,0,0,1
@MLM_STYLE,1,0,0,1
@user-tx8vf7zq9f,1,0,0,1
@user23494-e,1,0,0,1
@wad5672,1,0,0,1
@weatherloops,1,0,0,1
@yanosxs6539,1,0,0,1
@yarabiiftah1778,1,0,0,1
@yauvoonlow9589,1,0,0,1
@yttryff6159,1,0,0,1
@Asamations,1,0,0,1
@AussieChrisBlues,1,0,0,1
@Bewberia,1,0,0,1
@ChalzHub,1,0,0,1
@ChawanHeminVlogs,1,0,0,1
@DAMHANE.0al,1,0,0,1
@kimbrolyy,1,0,0,1
@kissab3512,1,0,0,1
@larosiemhamed924,1,0,0,1
@lemek6219,1,0,0,1
@yvonnejoseph4841,1,0,0,1
@zenaboww2daud448,1,0,0,1
@zinabzegam2021,1,0,0,1
@AMNAbidi,1,0,0,1
@zouhairperesobomsawinyassir,1,0,0,1
@2860-1,1,0,0,1
@AB-fr2ei,1,0,0,1
@ydcell9983,1,0,0,1
